mean_boundary_uncertainty,std_boundary_uncertainty,max_boundary_uncertainty,boundary_length,total_uncertainty
0.027552714571356773,0.007800878491252661,0.054463621228933334,312,0.0028415406
0.031045718118548393,0.005324776284396648,0.048127833753824234,112,0.0046477024
0.03858637437224388,0.011296650394797325,0.06693481653928757,454,0.008167377
0.0,0.0,0.0,0,0.004906718
0.0,0.0,0.0,0,0.0073071825
0.03843364119529724,0.00967947207391262,0.06365009397268295,280,0.0022344352
0.030598338693380356,0.00849909707903862,0.054090458899736404,262,0.0056010187
0.053671322762966156,0.02229967527091503,0.11756578087806702,442,0.005426774
0.04149448499083519,0.013219805434346199,0.08086995780467987,307,0.0039376197
0.058464646339416504,0.011520473286509514,0.07997984439134598,234,0.003786354
0.0,0.0,0.0,0,0.0038643535
0.04125688597559929,0.009999523870646954,0.06624014675617218,410,0.0068563065
0.05349015071988106,0.014648178592324257,0.08742054551839828,76,0.0029194583
0.031235311180353165,0.008993600495159626,0.05070715397596359,308,0.0037921024
0.03470098227262497,0.004323081113398075,0.045396607369184494,144,0.0033796448
0.03707875311374664,0.007207367569208145,0.05668048933148384,208,0.0024027429
0.10695309937000275,0.040899813175201416,0.19794899225234985,433,0.00775008
0.031798794865608215,0.005076203495264053,0.04613595828413963,200,0.0051394594
0.027239935472607613,0.004587620962411165,0.03721866384148598,196,0.0041150283
0.05169086903333664,0.015615343116223812,0.08635170757770538,306,0.0059704944
0.10330989211797714,0.004930135793983936,0.1098269447684288,15,0.006937538
0.034269098192453384,0.01029751356691122,0.062070801854133606,240,0.005016373
0.042697723954916,0.006946619134396315,0.06760437786579132,283,0.0012249688
0.031129973009228706,0.00638823676854372,0.05529720336198807,324,0.004098938
0.05119699612259865,0.010701472871005535,0.08002567291259766,218,0.007135513
0.03701291233301163,0.005451171658933163,0.05316312238574028,220,0.0021393602
0.045113932341337204,0.01978679746389389,0.08532968163490295,309,0.0048924196
0.05137660726904869,0.02636873908340931,0.12875311076641083,460,0.0055882223
0.03201533481478691,0.006445986684411764,0.050153058022260666,256,0.002587857
0.03465556725859642,0.00984940491616726,0.06948621571063995,220,0.004391022
0.05012013018131256,0.011829468421638012,0.0803132951259613,185,0.004963295
0.035633429884910583,0.013026188127696514,0.0649663433432579,324,0.0072900853
0.06936752051115036,0.015425898134708405,0.09064516425132751,145,0.008167026
0.04247569665312767,0.008131012320518494,0.05922410637140274,271,0.0037148772
0.04395246133208275,0.017492864280939102,0.0759146437048912,206,0.005606083
0.054518990218639374,0.020486151799559593,0.10685836523771286,614,0.007805204
0.027128085494041443,0.004599105101078749,0.03934800252318382,314,0.004127004
0.041591063141822815,0.007080914918333292,0.05867334082722664,184,0.0039801723
0.06884538382291794,0.01300843060016632,0.1013907715678215,179,0.0073701865
0.04966399818658829,0.02254192717373371,0.10852207243442535,260,0.0045567993
0.054867032915353775,0.022594712674617767,0.10625526309013367,356,0.0062291822
0.041800159960985184,0.011900459416210651,0.07805795222520828,466,0.0035857537
0.045631539076566696,0.019480597227811813,0.09991506487131119,233,0.0029046792
0.03542356938123703,0.008325302042067051,0.05959346890449524,214,0.003985112
0.03759876266121864,0.010898086242377758,0.06749594956636429,236,0.0026337334
0.04186262935400009,0.008041241206228733,0.06368503719568253,135,0.0036094056
0.0,0.0,0.0,0,0.004523239
0.043078336864709854,0.012403720058500767,0.07751117646694183,284,0.0046161264
0.038426145911216736,0.014065583236515522,0.08512169867753983,218,0.0025567268
0.04764478653669357,0.012381641194224358,0.0899680033326149,292,0.0033479303
0.03831149637699127,0.011697482317686081,0.06321441382169724,356,0.0059542432
0.03410414606332779,0.008375591598451138,0.06208602711558342,344,0.0034755212
0.0,0.0,0.0,0,0.006008689
0.04397354647517204,0.009349009953439236,0.06966996192932129,264,0.0009082889
0.03560726344585419,0.008100882172584534,0.057400308549404144,164,0.0037892724
0.03801058605313301,0.012104252353310585,0.07157333195209503,252,0.0053562284
0.0382547453045845,0.011117905378341675,0.07011821866035461,244,0.0020452875
0.03230851888656616,0.006179805379360914,0.052582163363695145,432,0.0032471754
0.03228425234556198,0.0053414227440953255,0.04762718454003334,104,0.004138141
0.038884297013282776,0.005669092759490013,0.054331228137016296,292,0.0022715402
0.03893939033150673,0.0157519169151783,0.08966293185949326,446,0.0043159495
0.03289276361465454,0.007169944234192371,0.05001382157206535,228,0.0032215465
0.03948873281478882,0.009746970608830452,0.06373041868209839,111,0.0051876274
0.03061993420124054,0.007215278688818216,0.056252073496580124,115,0.0043463986
0.04108618572354317,0.011236276477575302,0.07138838618993759,390,0.003546194
0.033778879791498184,0.005565541796386242,0.04889628291130066,316,0.0026127147
0.03587425500154495,0.007403532974421978,0.06440567970275879,252,0.0024273542
0.03749451786279678,0.017085479572415352,0.08078639954328537,188,0.0047569307
0.044412147253751755,0.01203616801649332,0.08695068210363388,276,0.002690201
0.03026393987238407,0.0043852850794792175,0.04234498739242554,120,0.003230549
0.050243936479091644,0.02270113304257393,0.10782213509082794,352,0.004907405
0.04938299208879471,0.025596264749765396,0.12351635843515396,534,0.0063498286
0.03835783898830414,0.011598550714552402,0.07423675805330276,250,0.004257516
0.03381950780749321,0.0064332433976233006,0.05841079726815224,328,0.0025534332
0.0,0.0,0.0,0,0.007275324
0.03379598632454872,0.008882530964910984,0.059683866798877716,411,0.0026309264
0.048705849796533585,0.0222356878221035,0.10764766484498978,488,0.00287385
0.033619172871112823,0.007446180563420057,0.05427296832203865,132,0.0033515026
0.0,0.0,0.0,0,0.0060690367
0.039411433041095734,0.018360843881964684,0.11338934302330017,690,0.006080702
0.07030923664569855,0.03624565899372101,0.1579035222530365,634,0.0065379143
0.03390058875083923,0.006939627230167389,0.05328822508454323,171,0.0024586779
0.04292245954275131,0.008192750625312328,0.06865300983190536,300,0.0013454054
0.0,0.0,0.0,0,0.006934714
0.0419316291809082,0.016176991164684296,0.08031439781188965,236,0.0044379183
0.055728599429130554,0.01927187107503414,0.0941668152809143,316,0.005427327
0.0468277744948864,0.014793881215155125,0.0820624828338623,189,0.00357297
0.03658214211463928,0.009874639101326466,0.06681521981954575,220,0.0028912276
0.046055376529693604,0.01637226529419422,0.08354239165782928,119,0.0027256594
0.03678428754210472,0.007143098395317793,0.0565735287964344,248,0.003393052
0.0,0.0,0.0,0,0.0075494866
0.0,0.0,0.0,0,0.0063820574
0.034126561135053635,0.005309817846864462,0.05414144694805145,468,0.0025821752
0.05666133761405945,0.010903256013989449,0.08801395446062088,271,0.0020433057
0.0,0.0,0.0,0,0.0046073026
0.049071572721004486,0.01475739385932684,0.08636908233165741,229,0.0036303806
0.03445668891072273,0.006540367379784584,0.06240798160433769,271,0.002018189
0.04340145364403725,0.00979319866746664,0.06981942802667618,230,0.0020170643
0.03932661935687065,0.006831026636064053,0.06160743534564972,84,0.006610515
0.03644896671175957,0.009400980547070503,0.07186450064182281,264,0.0019992334
0.04024086892604828,0.007682930212467909,0.058640457689762115,216,0.0028314823
0.03167678788304329,0.007080798503011465,0.054966602474451065,319,0.0037100995
0.02412608452141285,0.003659192007035017,0.03315756469964981,127,0.0048125633
0.11028019338846207,0.015939177945256233,0.13700808584690094,28,0.005682144
0.08284849673509598,0.04183194786310196,0.16245366632938385,517,0.005952866
0.035092517733573914,0.006434685084968805,0.051038485020399094,152,0.0038895602
0.02373412996530533,0.003273248439654708,0.034314148128032684,288,0.0075108414
0.044058069586753845,0.018356705084443092,0.11955814063549042,416,0.00716046
0.03306307643651962,0.013452368788421154,0.06411080807447433,187,0.0048163603
0.03431517258286476,0.008518965914845467,0.055878352373838425,180,0.0032749043
0.051338180899620056,0.016690677031874657,0.0927060917019844,459,0.007579203
0.029888074845075607,0.005823194980621338,0.04564134404063225,148,0.004976825
0.03943607583642006,0.015762588009238243,0.08520742505788803,308,0.0046857446
0.029587460681796074,0.004174770787358284,0.04748379811644554,408,0.0032550322
0.05306405946612358,0.011115062981843948,0.08350460976362228,245,0.008504277
0.037780214101076126,0.00814263615757227,0.05615225061774254,391,0.005469029
0.05508551746606827,0.011496620252728462,0.09360507130622864,423,0.0058227815
0.04383167251944542,0.010077059268951416,0.06722310185432434,236,0.0077806073
0.08448094129562378,0.0031716825906187296,0.09002310782670975,54,0.0076176496
0.03629414737224579,0.006571156904101372,0.052848171442747116,164,0.0023836615
0.032799430191516876,0.012861545197665691,0.06370018422603607,211,0.006431122
0.04708603769540787,0.014507327228784561,0.08607468008995056,287,0.0040818946
0.036433715373277664,0.011018685065209866,0.06064179912209511,492,0.007333266
0.03988959267735481,0.01534163486212492,0.08637404441833496,160,0.0025952635
0.06963951885700226,0.023051749914884567,0.11829035729169846,188,0.005809992
0.037138812243938446,0.009500511921942234,0.059164416044950485,228,0.0037712299
0.03761544078588486,0.007544436026364565,0.05447682738304138,131,0.0044849473
0.04287075623869896,0.008000959642231464,0.0661776065826416,366,0.0026052273
0.03272602707147598,0.00446573831140995,0.04490625485777855,132,0.0048720306
0.040704146027565,0.009762552566826344,0.06504613906145096,236,0.0034581486
0.04002731665968895,0.006526846904307604,0.05746821314096451,372,0.0027173546
0.03083822689950466,0.008631407283246517,0.058203667402267456,158,0.002591472
0.032390426844358444,0.008602587506175041,0.05816894397139549,103,0.0067098374
0.0,0.0,0.0,0,0.005697143
0.03479354456067085,0.008279815316200256,0.056055277585983276,255,0.0067675374
0.06092491373419762,0.015204893425107002,0.08908411115407944,289,0.0068980074
0.0296441912651062,0.0040668463334441185,0.0422055721282959,259,0.0024751765
0.0,0.0,0.0,0,0.0033581175
0.0,0.0,0.0,0,0.0059702615
0.04816437140107155,0.017469147220253944,0.08525348454713821,128,0.0044464497
0.03115224465727806,0.008382247760891914,0.059074897319078445,284,0.004135233
0.02779918722808361,0.008218550123274326,0.0468919537961483,86,0.007007326
0.0423525869846344,0.017479192465543747,0.08639546483755112,254,0.0044300845
0.03443407639861107,0.0066039967350661755,0.05528935045003891,179,0.0022599988
0.06066439673304558,0.017715755850076675,0.11409451812505722,446,0.0074323644
0.034739766269922256,0.006183307617902756,0.05232701450586319,302,0.002564643
0.04260867089033127,0.008253749459981918,0.0669926181435585,292,0.0023378702
0.1390741616487503,0.021578345447778702,0.18303707242012024,129,0.0062648896
0.04459153488278389,0.014015553519129753,0.08272445201873779,311,0.0037936606
0.026911409571766853,0.0045301406644284725,0.03811470419168472,203,0.003642559
0.032140102237463,0.005615353584289551,0.057282160967588425,292,0.0024153977
0.05313248187303543,0.022556571289896965,0.11567702889442444,497,0.005248659
0.043098680675029755,0.013955686241388321,0.0775126963853836,244,0.0043073334
0.03131371736526489,0.00520565640181303,0.04538330063223839,100,0.0059473854
0.03791229426860809,0.01193434651941061,0.07401926815509796,195,0.0039523477
0.0,0.0,0.0,0,0.003931803
0.0,0.0,0.0,0,0.005095471
0.030248310416936874,0.007068493869155645,0.054837439209222794,311,0.003560536
0.12590371072292328,0.037264563143253326,0.18746459484100342,206,0.0066576027
0.030755022540688515,0.005235281772911549,0.043838195502758026,136,0.0025154324
0.03482513502240181,0.006676983088254929,0.0610848031938076,243,0.0021137455
0.034059565514326096,0.009129353798925877,0.06315858662128448,236,0.0031364185
0.04956802353262901,0.011566143482923508,0.07114187628030777,116,0.0041469964
0.04750051721930504,0.021599961444735527,0.09504079073667526,292,0.0047466033
0.040059447288513184,0.008188286796212196,0.0655508041381836,256,0.0023599472
0.034971654415130615,0.005488923750817776,0.05028431490063667,235,0.002867322
0.048965755850076675,0.015574372373521328,0.09052074700593948,236,0.0029570784
0.050429340451955795,0.02016064152121544,0.10938836634159088,507,0.008435264
0.04240429773926735,0.0074074952863156796,0.06753426790237427,324,0.0017550848
0.04953005537390709,0.011623900383710861,0.08517643809318542,229,0.006286655
0.03779340535402298,0.011065423488616943,0.0656370148062706,426,0.0035070537
0.0447080098092556,0.011120018549263477,0.07194675505161285,356,0.0035482058
0.056424014270305634,0.02365485578775406,0.10698754340410233,305,0.006132181
0.04555799067020416,0.015377425588667393,0.08936355262994766,415,0.0046306415
0.03827556222677231,0.011460626497864723,0.05919497460126877,320,0.0063560503
0.04850268363952637,0.01272534765303135,0.0752931460738182,205,0.00765419
0.04597233608365059,0.008917387574911118,0.07427670061588287,200,0.0013101479
0.03604733943939209,0.005492222961038351,0.051509734243154526,299,0.00256772
0.03311534598469734,0.005154677201062441,0.046474192291498184,290,0.002696908
0.04908212646842003,0.015536332502961159,0.083722323179245,322,0.0049642157
0.042215991765260696,0.008288632147014141,0.0802416056394577,243,0.004501319
0.042726777493953705,0.010958932340145111,0.06863587349653244,92,0.0028344146
0.03560774773359299,0.005422221031039953,0.049228742718696594,172,0.002678657
0.03870736435055733,0.0054420484229922295,0.05424283444881439,267,0.0033877047
0.0382409393787384,0.014336432330310345,0.08597062528133392,312,0.0048271227
0.03531557694077492,0.010522912256419659,0.0640304759144783,367,0.0050025256
0.03289112448692322,0.006186685059219599,0.05349506810307503,508,0.003104119
0.0,0.0,0.0,0,0.003934881
0.049143772572278976,0.017503762617707253,0.10050296038389206,471,0.0054265684
0.03458127751946449,0.009953195229172707,0.064023956656456,399,0.0029195114
0.03055066242814064,0.005438379943370819,0.04786793887615204,208,0.0030970238
0.035962801426649094,0.010860336944460869,0.06605959683656693,364,0.005948244
0.03349696472287178,0.006965814158320427,0.05812276899814606,192,0.0022310703
0.027447322383522987,0.004841984715312719,0.04294714331626892,308,0.006617278
0.03146376460790634,0.00661561731249094,0.04580572620034218,312,0.0034593607
0.04002692177891731,0.009217919781804085,0.06564517319202423,448,0.005163163
0.041089385747909546,0.01542020682245493,0.0865616723895073,229,0.0046590185
0.04414225369691849,0.007312125526368618,0.06487634032964706,268,0.0013330723
0.039561547338962555,0.007402856834232807,0.0653499960899353,304,0.0011618084
0.06777562201023102,0.0448223277926445,0.16436314582824707,208,0.0026161068
0.03343461826443672,0.006229832302778959,0.05010683089494705,173,0.0029072731
0.046302471309900284,0.014395631849765778,0.08558842539787292,399,0.006705559
0.02642669901251793,0.004261823371052742,0.037357136607170105,248,0.0045531485
0.045432958751916885,0.008313844911754131,0.06884714215993881,66,0.002549928
0.032756779342889786,0.0052314382046461105,0.05176355689764023,224,0.0019617327
0.04976408928632736,0.01774699240922928,0.08696702122688293,336,0.0067529166
0.05009600147604942,0.010571327060461044,0.07503317296504974,138,0.007450641
0.04152876138687134,0.010039611719548702,0.08160044997930527,384,0.0035235754
0.03511020541191101,0.006611141376197338,0.053966861218214035,192,0.002896488
0.03366149216890335,0.007982674986124039,0.057256460189819336,448,0.0034789997
0.040339309722185135,0.007524539716541767,0.06055495887994766,171,0.0026950925
0.03525633364915848,0.005406246054917574,0.051241058856248856,264,0.0027734141
0.047469377517700195,0.006000526249408722,0.06218938156962395,136,0.0041092006
0.03272932395339012,0.006183580961078405,0.044021423906087875,127,0.0052064643
0.03967379406094551,0.010053064674139023,0.07170633971691132,411,0.0063748574
0.03836754336953163,0.010702514089643955,0.06629195064306259,291,0.0056068283
0.047923147678375244,0.011024817824363708,0.07665176689624786,350,0.0038906138
0.03905748948454857,0.015338245779275894,0.08288811892271042,403,0.0046878434
0.05628226697444916,0.01146306749433279,0.0859111025929451,195,0.0053571854
0.0,0.0,0.0,0,0.005949707
0.06187006086111069,0.012341074645519257,0.08550415933132172,174,0.0050641154
0.03219061344861984,0.005930724553763866,0.05035185068845749,275,0.002341959
0.05396939069032669,0.026247698813676834,0.1077212393283844,413,0.0042645433
0.048690732568502426,0.013977190479636192,0.08288892358541489,430,0.0055340524
0.036472517997026443,0.016242438927292824,0.10599537938833237,500,0.0035405527
0.0455259308218956,0.014069860801100731,0.08287173509597778,110,0.007123938
0.03479950875043869,0.006974054034799337,0.05457952991127968,259,0.0029812374
0.02907523885369301,0.007104868534952402,0.04719383642077446,487,0.004107097
0.05454270541667938,0.012546581216156483,0.08413701504468918,150,0.0023635111
0.026957344263792038,0.005296867806464434,0.040127940475940704,88,0.0035588418
0.06870820373296738,0.01224181242287159,0.09073124080896378,168,0.005044883
0.050543904304504395,0.03517388552427292,0.14533433318138123,176,0.0040891534
0.031690433621406555,0.00696917250752449,0.05499029904603958,237,0.002733057
0.08164448291063309,0.015753092244267464,0.11061257869005203,80,0.00554091
0.05064757913351059,0.009844208136200905,0.07062217593193054,268,0.0051145838
0.04938098415732384,0.016682930290699005,0.08563407510519028,1187,0.0093265865
0.05245964601635933,0.01861516200006008,0.10223715007305145,250,0.0042117345
0.027157101780176163,0.0069747124798595905,0.04717766493558884,263,0.0025401795
0.04786481708288193,0.014436470344662666,0.09654459357261658,270,0.0033423703
0.0,0.0,0.0,0,0.006225442
0.04920236021280289,0.019546028226614,0.1118277758359909,495,0.0023411084
0.04974803701043129,0.013881310820579529,0.07180139422416687,291,0.006071104
0.03395288810133934,0.005515560042113066,0.049313515424728394,196,0.0019518287
0.0,0.0,0.0,0,0.0043049734
0.05455491691827774,0.016931815072894096,0.11553791165351868,389,0.0059285364
0.03341841697692871,0.01151067204773426,0.0560690276324749,304,0.006155209
0.035506054759025574,0.005235650576651096,0.05059109628200531,259,0.001242113
0.04463469237089157,0.010325780138373375,0.06652984768152237,526,0.006671045
0.0,0.0,0.0,0,0.0037329814
0.06090819463133812,0.021785108372569084,0.11394598335027695,479,0.009631034
0.043058790266513824,0.00944504514336586,0.08131140470504761,339,0.0012733047
0.05390043929219246,0.012431741692125797,0.08880863338708878,175,0.006339161
0.035343438386917114,0.006677868776023388,0.060056280344724655,191,0.0037114886
0.027903681620955467,0.006292596459388733,0.0477583073079586,184,0.0051978366
0.028306467458605766,0.0058713266626000404,0.04706883430480957,243,0.0054055625
0.03024233505129814,0.003927821293473244,0.03993432968854904,168,0.0031027822
0.030970115214586258,0.00546779902651906,0.04360269382596016,204,0.0032503493
0.0566067136824131,0.023566851392388344,0.09753833711147308,226,0.0049370625
0.02974773943424225,0.004861833993345499,0.04332919046282768,308,0.004363969
0.03403681516647339,0.007059290073812008,0.05208631604909897,132,0.0050278637
0.0,0.0,0.0,0,0.00504153
0.03707141801714897,0.005719169043004513,0.04868344962596893,220,0.002975083
0.044119350612163544,0.008317217230796814,0.06310959160327911,115,0.0032244942
0.036645080894231796,0.006042853929102421,0.05139521136879921,228,0.0024563265
0.030556371435523033,0.004566506948322058,0.04616653919219971,308,0.0037046964
0.03928175941109657,0.006262209266424179,0.05744362249970436,243,0.0056268307
0.048260848969221115,0.017651857808232307,0.08864764124155045,448,0.006587038
0.07018434256315231,0.026095794513821602,0.13734321296215057,549,0.0069651324
0.046331990510225296,0.009784597903490067,0.0655827522277832,144,0.0023136097
0.030862513929605484,0.01213952898979187,0.05942131206393242,128,0.0064503965
0.043810099363327026,0.011149480007588863,0.07794898003339767,452,0.005091242
0.052629049867391586,0.009799814783036709,0.07671143114566803,225,0.002881808
0.04152277112007141,0.011962015181779861,0.07931216806173325,179,0.0026897409
0.045611876994371414,0.013604586943984032,0.09373369812965393,371,0.005235266
0.0,0.0,0.0,0,0.007640869
0.037425849586725235,0.008417298085987568,0.06968578696250916,176,0.003875337
0.03273174539208412,0.006291971541941166,0.061511144042015076,412,0.0015007268
0.0,0.0,0.0,0,0.0060976534
0.029311474412679672,0.0041416059248149395,0.03927064687013626,292,0.0022722252
0.12046981602907181,0.018317198380827904,0.1446191817522049,39,0.0065584886
0.04187597334384918,0.011636038310825825,0.07292667031288147,164,0.004586326
0.0350591242313385,0.00817563571035862,0.060789886862039566,223,0.0028875591
0.03768398240208626,0.00738154910504818,0.059234101325273514,359,0.002099681
0.034510936588048935,0.0044457451440393925,0.04790852591395378,232,0.002052678
0.03738921135663986,0.006554001476615667,0.05385908484458923,288,0.005495957
0.030693190172314644,0.012111569754779339,0.06076180934906006,352,0.004351091
0.05328427255153656,0.010222348384559155,0.08247462660074234,184,0.0045285695
0.03679187223315239,0.011009156703948975,0.06910036504268646,192,0.006472516
0.04253261908888817,0.013080677948892117,0.0781998559832573,227,0.004642382
0.0,0.0,0.0,0,0.0074924203
0.03226567804813385,0.007836738601326942,0.05295189842581749,87,0.004496781
0.027457233518362045,0.00452223839238286,0.03887359797954559,291,0.003342282
0.039626043289899826,0.008759142830967903,0.06933268904685974,330,0.0058131283
0.05797683075070381,0.021454468369483948,0.10274716466665268,411,0.008174518
0.026719050481915474,0.004754321184009314,0.03797050565481186,243,0.0059126997
0.03027299977838993,0.008990808390080929,0.05575212463736534,148,0.0037404431
0.033945515751838684,0.006369452457875013,0.05357741191983223,216,0.004127373
0.037145551294088364,0.005896837916225195,0.05098870396614075,132,0.0039656307
0.02680731937289238,0.004941168241202831,0.04424357786774635,476,0.0032629736
0.03601118549704552,0.005428205709904432,0.05951792746782303,232,0.0030016382
0.0,0.0,0.0,0,0.005821963
0.04077446460723877,0.011676586233079433,0.07254615426063538,311,0.0064495397
0.03347131609916687,0.00451603764668107,0.042976174503564835,132,0.0027644853
0.0312858410179615,0.0051133823581039906,0.046028632670640945,220,0.0028685133
0.04087715968489647,0.012921812944114208,0.08063691854476929,544,0.0045724083
0.03758084401488304,0.011569643393158913,0.06323680281639099,260,0.005888797
0.03450789675116539,0.0052766017615795135,0.05175293982028961,228,0.0028714251
0.0,0.0,0.0,0,0.0054527093
0.03578541427850723,0.012444501742720604,0.07043233513832092,400,0.0048875883
0.06334336847066879,0.018019985407590866,0.1129642203450203,355,0.004763356
0.03618629276752472,0.00570262037217617,0.05558038130402565,196,0.0025800725
0.03176773712038994,0.005495721474289894,0.04652402922511101,228,0.003225567
0.030564261600375175,0.005149284843355417,0.04642527922987938,151,0.0043329443
0.03687439486384392,0.005756006576120853,0.05828666314482689,332,0.001290477
0.04703303799033165,0.012099443934857845,0.07770740240812302,492,0.00669638
0.057863205671310425,0.019348381087183952,0.09961492568254471,398,0.0062762746
0.03816375881433487,0.006597920786589384,0.06145663186907768,199,0.00387105
0.04006132856011391,0.00724108936265111,0.06382742524147034,276,0.0016417727
0.041736502200365067,0.0168874803930521,0.08850644528865814,432,0.0056112264
0.04129965230822563,0.002860499545931816,0.04687633737921715,14,0.00776729
0.04308667033910751,0.0126610416918993,0.0783035010099411,398,0.0044576894
0.03667192533612251,0.01133920531719923,0.08007732033729553,516,0.0041178456
0.03918405994772911,0.006664762739092112,0.06409094482660294,267,0.0017282361
0.04381423443555832,0.013188562355935574,0.0817171037197113,553,0.007643834
0.04585490748286247,0.015088913962244987,0.08390965312719345,226,0.0063566696
0.03519945219159126,0.004940412472933531,0.05211365222930908,172,0.002106404
0.03135114908218384,0.005888865329325199,0.04761064052581787,160,0.0029072023
0.037710413336753845,0.010010547935962677,0.06967147439718246,428,0.005099199
0.031840283423662186,0.005862475372850895,0.05001270771026611,292,0.002898488
0.059961240738630295,0.00934175867587328,0.07272180914878845,9,0.0067028934
0.04212193563580513,0.014893335290253162,0.07984248548746109,366,0.006286172
0.04074655845761299,0.007602442987263203,0.06392762064933777,328,0.0019907728
0.0,0.0,0.0,0,0.007744433
0.03781717270612717,0.008576778694987297,0.0715632513165474,303,0.0029304842
0.04119183123111725,0.009925310499966145,0.07235698401927948,380,0.0025488187
0.06004803255200386,0.031213251873850822,0.14882637560367584,492,0.0036848383
0.032669734209775925,0.005461907479912043,0.04701877385377884,272,0.004228409
0.05040190741419792,0.011192528530955315,0.0904645025730133,336,0.0007217575
0.02957543171942234,0.00587314972653985,0.041555847972631454,184,0.003993062
0.03799339383840561,0.008398601785302162,0.06817534565925598,348,0.0031058863
0.04384632408618927,0.011233906261622906,0.06482113152742386,288,0.005239609
0.02965603582561016,0.003888539969921112,0.040665678679943085,163,0.0026595935
0.040881939232349396,0.007426203228533268,0.06405293196439743,180,0.0024935151
0.0,0.0,0.0,0,0.0048553087
0.04189061373472214,0.015465056523680687,0.07582763582468033,320,0.004244992
0.05050993338227272,0.02060858905315399,0.0944460928440094,404,0.008574452
0.041644591838121414,0.017836183309555054,0.0834614709019661,169,0.0028665299
0.03318781033158302,0.006279918365180492,0.05779614672064781,176,0.0040142937
0.04741858318448067,0.015750683844089508,0.09031688421964645,320,0.004374548
0.03309403732419014,0.009840821847319603,0.0632111057639122,255,0.0032784494
0.027293561026453972,0.005055041052401066,0.04101843014359474,172,0.0034990436
0.03739026561379433,0.018131073564291,0.10580356419086456,500,0.007321415
0.034991078078746796,0.013271627947688103,0.07754199206829071,288,0.0035854133
0.05162563920021057,0.021696919575333595,0.092109814286232,320,0.0036501933
0.05607493966817856,0.019626237452030182,0.1029258668422699,158,0.0031719296
0.03467327728867531,0.007513612043112516,0.05510323867201805,448,0.005157985
0.03084726817905903,0.005421808455139399,0.047912515699863434,136,0.004453149
0.034432269632816315,0.005905702244490385,0.05446979030966759,148,0.00235446
0.0,0.0,0.0,0,0.0054696244
0.04326077550649643,0.007773042190819979,0.06393517553806305,172,0.0034299658
0.040759213268756866,0.00689627043902874,0.06615202873945236,388,0.0017241469
0.04837100952863693,0.01014680601656437,0.07472354173660278,100,0.0022099877
0.05271899327635765,0.013377582654356956,0.09029527008533478,325,0.0069534294
0.0334305576980114,0.008722622878849506,0.056857142597436905,152,0.0035160936
0.03895628824830055,0.011034452356398106,0.06737031787633896,376,0.0057966434
0.038699083030223846,0.009839641861617565,0.06046265736222267,336,0.0029589918
0.04167897254228592,0.006837961729615927,0.06688325107097626,244,0.0021799996
0.10878287255764008,0.030105821788311005,0.17897897958755493,161,0.0048704096
0.0,0.0,0.0,0,0.004522416
0.02817145362496376,0.004397978074848652,0.040661316365003586,128,0.003998481
0.05921990051865578,0.01808604598045349,0.0977388247847557,124,0.007863497
0.05035005882382393,0.015153021551668644,0.09540538489818573,340,0.0027488032
0.02946864813566208,0.004272430669516325,0.042423129081726074,263,0.005337289
0.05457421392202377,0.010902764275670052,0.08591503649950027,296,0.009122421
0.0,0.0,0.0,0,0.004623255
0.03626668080687523,0.008229928091168404,0.06503009796142578,416,0.001999776
0.03246162459254265,0.005771887954324484,0.049096591770648956,452,0.002361327
0.03219391405582428,0.005289202556014061,0.048758942633867264,324,0.003566968
0.03178832679986954,0.0063960193656384945,0.04942816123366356,168,0.003891147
0.032303791493177414,0.004836807493120432,0.043723490089178085,196,0.003679292
0.04343993589282036,0.021912213414907455,0.11076036095619202,379,0.0060416143
0.0569307878613472,0.008952484466135502,0.08140979707241058,246,0.00448785
0.0,0.0,0.0,0,0.0046646013
0.025299575179815292,0.0037578504998236895,0.0379771962761879,151,0.0032493677
0.0,0.0,0.0,0,0.0050034174
0.0,0.0,0.0,0,0.004935412
0.03591194003820419,0.006888324860483408,0.05399608612060547,176,0.002354761
0.04177861660718918,0.02556123398244381,0.12641945481300354,438,0.005573976
0.03723461180925369,0.005133449099957943,0.0583418570458889,296,0.0016620858
0.032954245805740356,0.007159970700740814,0.0521821603178978,388,0.0036586404
0.028652237728238106,0.007836781442165375,0.057615239173173904,528,0.0046014213
0.038349248468875885,0.01217089593410492,0.07005108147859573,352,0.0042675026
0.033734068274497986,0.0047003123909235,0.04377152770757675,140,0.0029361923
0.03040148690342903,0.0038107866421341896,0.040052544325590134,105,0.003813077
0.03455500677227974,0.0101395845413208,0.06165304407477379,506,0.004211468
0.026759391650557518,0.005404182244092226,0.042994916439056396,256,0.004401159
0.041200097650289536,0.007520794868469238,0.06962844729423523,212,0.0021116666
0.03420492634177208,0.005046139936894178,0.04550483822822571,120,0.0030159832
0.0,0.0,0.0,0,0.0032452764
0.035990647971630096,0.011365908198058605,0.07196000963449478,435,0.0043031597
0.03454264625906944,0.009170422330498695,0.05701856687664986,449,0.005344008
0.0547100193798542,0.022664982825517654,0.11661287397146225,183,0.0050767567
0.0438956618309021,0.015822608023881912,0.09572326391935349,307,0.0029912228
0.04378214851021767,0.013318430632352829,0.07721967995166779,264,0.0030331619
0.049359194934368134,0.012425711378455162,0.07857869565486908,382,0.007660115
0.06384405493736267,0.01707371138036251,0.1115420013666153,323,0.008888296
0.06278296560049057,0.013468865305185318,0.09844398498535156,264,0.0048104627
0.03470287099480629,0.005470713134855032,0.05743516981601715,308,0.0022359735
0.033735860139131546,0.009166968055069447,0.058416761457920074,330,0.0041765594
0.04536120221018791,0.013780662789940834,0.0703272670507431,245,0.00606712
0.039626266807317734,0.007591368164867163,0.0595938079059124,439,0.003354728
0.044717200100421906,0.013340902514755726,0.08508986234664917,360,0.0031745841
0.04355752468109131,0.006601893343031406,0.0688396543264389,184,0.0014205254
0.031889088451862335,0.006333875469863415,0.046164270490407944,231,0.00295483
0.04498841241002083,0.013314468786120415,0.0769822746515274,324,0.007250554
0.030994320288300514,0.008573551662266254,0.05405070632696152,131,0.0032723744
0.03525568172335625,0.006883598398417234,0.05390993505716324,376,0.004378491
0.04375336691737175,0.00841675978153944,0.06898131966590881,204,0.0016407145
0.050237104296684265,0.023145642131567,0.10211726278066635,553,0.007275783
0.07256791740655899,0.04213394969701767,0.19073864817619324,401,0.006425554
0.06147115305066109,0.022618042305111885,0.11408928036689758,633,0.006316542
0.03961761295795441,0.009554864838719368,0.05852082744240761,191,0.0027807958
0.04558476060628891,0.015359948389232159,0.1156863123178482,336,0.0038495383
0.02940043807029724,0.005035582929849625,0.040263593196868896,188,0.0033992967
0.05340537056326866,0.016552643850445747,0.09273562580347061,468,0.007080922
0.05239333584904671,0.021528465673327446,0.09919041395187378,476,0.004067706
0.03641914576292038,0.0073500340804457664,0.058323830366134644,275,0.0016008234
0.05631382763385773,0.016643373295664787,0.09712454676628113,247,0.0066541126
0.038004204630851746,0.008213412016630173,0.062260691076517105,196,0.0028376302
0.034165266901254654,0.006661815568804741,0.0514245443046093,360,0.0026227937
0.036089301109313965,0.004861447960138321,0.04850366339087486,152,0.001787576
0.03863785043358803,0.01235113013535738,0.07952791452407837,260,0.0022942268
0.047437671571969986,0.010983836837112904,0.07444186508655548,343,0.0023485902
0.03761804476380348,0.007405310403555632,0.06347399204969406,140,0.0035604723
0.029799610376358032,0.004490835592150688,0.04521469399333,436,0.0020431725
0.03457557410001755,0.007651851046830416,0.05307919904589653,267,0.0054504205
0.03931891545653343,0.011478480882942677,0.06650005280971527,392,0.0066869534
0.0,0.0,0.0,0,0.008006236
0.03799745813012123,0.0057083554565906525,0.05135199800133705,96,0.002049482
0.0,0.0,0.0,0,0.007742119
0.04007013142108917,0.016908980906009674,0.08053217083215714,363,0.0028839388
0.04567459598183632,0.023280328139662743,0.0942951962351799,176,0.005936033
0.041184015572071075,0.008063594810664654,0.06134132668375969,364,0.0020229144
0.04065151885151863,0.009961983188986778,0.06685487926006317,455,0.007534174
0.0,0.0,0.0,0,0.0038845628
0.037012048065662384,0.006660708226263523,0.0568748414516449,183,0.0027791709
0.03985820710659027,0.00866185687482357,0.06288819760084152,396,0.00171386
0.0,0.0,0.0,0,0.0062238737
0.03315079212188721,0.004881478846073151,0.04296822473406792,111,0.0038008993
0.03388098254799843,0.006698695942759514,0.054938122630119324,183,0.0024507225
0.0456400141119957,0.010234087705612183,0.07377921789884567,516,0.0057120677
0.0,0.0,0.0,0,0.0036985914
0.052276648581027985,0.013808379881083965,0.08390530198812485,441,0.006334199
0.06100461632013321,0.028553761541843414,0.12880681455135345,160,0.0028918579
0.03760521113872528,0.0074960021302104,0.05919816717505455,196,0.0032295715
0.06997182220220566,0.030968163162469864,0.14285674691200256,368,0.006878528
0.03261483088135719,0.00851715449243784,0.06390294432640076,338,0.0058024987
0.04075843468308449,0.008160781115293503,0.07017318904399872,268,0.0024814152
0.03809819370508194,0.01606484316289425,0.09113664925098419,280,0.0030847173
0.03714223578572273,0.015503223054111004,0.08538244664669037,327,0.007375041
0.041700202971696854,0.010183031670749187,0.06643911451101303,324,0.005475572
0.03523235768079758,0.00881929136812687,0.06175864115357399,180,0.0023066248
0.04750920459628105,0.018474239856004715,0.09686583280563354,403,0.005431953
0.030685968697071075,0.004200160037726164,0.04304542392492294,440,0.0017004693
0.06224950775504112,0.02173709124326706,0.12468714267015457,235,0.002771845
0.0375886894762516,0.007344496436417103,0.056676872074604034,348,0.002835546
0.03628886491060257,0.009048822335898876,0.07429591566324234,364,0.0033452162
0.039232026785612106,0.008034472353756428,0.06386765092611313,308,0.0043268553
0.030660415068268776,0.005033692345023155,0.04533298313617706,228,0.004388301
0.02844138815999031,0.0072149536572396755,0.043850600719451904,183,0.004428698
0.03935033455491066,0.011954001151025295,0.0773959830403328,595,0.006766402
0.038664016872644424,0.010993024334311485,0.0658055916428566,290,0.0067764316
0.04049667716026306,0.01873662695288658,0.08689707517623901,155,0.004980041
0.037684496492147446,0.011721940711140633,0.06781987100839615,340,0.0060334345
0.05004196986556053,0.022555271163582802,0.10771216452121735,511,0.0065767877
0.03080560639500618,0.00472288066521287,0.042851440608501434,112,0.0016893789
0.039671640843153,0.007997235283255577,0.05660046637058258,191,0.0033487063
0.0,0.0,0.0,0,0.006453772
0.04328626021742821,0.007692283950746059,0.07190486043691635,308,0.0011753178
0.04180944710969925,0.023331383243203163,0.10473675280809402,351,0.0043992354
0.03695301711559296,0.007218481972813606,0.05323081091046333,248,0.005608586
0.06670476496219635,0.01636132411658764,0.09446591138839722,158,0.009525698
0.0,0.0,0.0,0,0.005699835
0.035752199590206146,0.005737711675465107,0.0546051561832428,331,0.0029357285
0.057234711945056915,0.010883841663599014,0.07826671004295349,226,0.009823849
0.03134124353528023,0.004816684406250715,0.0433008037507534,120,0.0036973995
0.032177988439798355,0.0044497051276266575,0.043928924947977066,215,0.002970769
0.04378374665975571,0.007230186369270086,0.060268957167863846,232,0.0041946135
0.05937805399298668,0.016115257516503334,0.09491115808486938,451,0.008570163
0.03779788687825203,0.010470437817275524,0.06943172961473465,239,0.003507335
0.03891216218471527,0.009618369862437248,0.06338603794574738,412,0.0031203497
0.03114929236471653,0.0043363505974411964,0.04535273462533951,260,0.003047829
0.0,0.0,0.0,0,0.006691897
0.055488988757133484,0.015252598561346531,0.08194492012262344,39,0.005059337
0.05001164600253105,0.009070305153727531,0.06929776072502136,373,0.006085498
0.036467645317316055,0.006763308774679899,0.05915234610438347,207,0.0044692466
0.046165499836206436,0.012541311793029308,0.07296881079673767,311,0.0054033427
0.04622577875852585,0.013234133832156658,0.08938290178775787,255,0.0035538045
0.03429467976093292,0.004793346859514713,0.047069113701581955,226,0.0030273132
0.03915740177035332,0.009352373890578747,0.061605289578437805,427,0.0030546007
0.0,0.0,0.0,0,0.0039477376
0.03985397890210152,0.01421750895678997,0.07663985341787338,348,0.0066802707
0.03290867432951927,0.005856786388903856,0.05366399139165878,512,0.0025844118
0.0,0.0,0.0,0,0.0036398233
0.034848056733608246,0.009316222742199898,0.061235152184963226,224,0.003779296
0.032646697014570236,0.004328492097556591,0.04589032381772995,176,0.0021891021
0.0,0.0,0.0,0,0.007953605
0.03655723109841347,0.008427569642663002,0.06987074762582779,264,0.0027754554
0.05316459387540817,0.033286407589912415,0.12462904304265976,189,0.003930527
0.0,0.0,0.0,0,0.0056009865
0.09021636843681335,0.0162724107503891,0.13397084176540375,144,0.0074159508
0.0,0.0,0.0,0,0.0034158821
0.03575647249817848,0.020788326859474182,0.09363209456205368,375,0.0044225277
0.03965885192155838,0.011292600072920322,0.0712866559624672,446,0.0037162083
0.04237544536590576,0.01422260794788599,0.07565273344516754,222,0.004421898
0.032026540488004684,0.005772507283836603,0.04934576153755188,272,0.0040718163
0.0,0.0,0.0,0,0.0062427074
0.037422243505716324,0.00707102520391345,0.06985614448785782,276,0.0020632574
0.04633400961756706,0.01260667946189642,0.07335905730724335,189,0.005191939
0.07117988169193268,0.019626660272479057,0.12220366299152374,473,0.0077780457
0.04252807796001434,0.00796948280185461,0.059819240123033524,68,0.0023090441
0.032515011727809906,0.006500659976154566,0.048707567155361176,196,0.0053309062
0.049862757325172424,0.01675623096525669,0.09229625761508942,355,0.006885871
0.05120842903852463,0.030154051259160042,0.16105307638645172,451,0.005211014
0.030426761135458946,0.0053917584009468555,0.04944482818245888,279,0.004601305
0.05080621317028999,0.0129703339189291,0.08950307965278625,493,0.00664286
0.045149583369493484,0.008869104087352753,0.06807088106870651,505,0.0062359152
0.03484053909778595,0.010563228279352188,0.056885961443185806,171,0.004504887
0.04062129557132721,0.010837591253221035,0.06657108664512634,208,0.004737559
0.039987288415431976,0.008514498360455036,0.0617683082818985,228,0.004424796
0.023522567003965378,0.002891722833737731,0.03214019536972046,104,0.0025740073
0.03719855844974518,0.00782826542854309,0.060253653675317764,264,0.002712839
0.07896672934293747,0.016596505418419838,0.1070517897605896,120,0.0038883067
0.07659243792295456,0.019190307706594467,0.11781007796525955,175,0.009405575
0.035163406282663345,0.005347749218344688,0.047930482774972916,292,0.001974404
0.03324871137738228,0.00596900237724185,0.05738963931798935,280,0.0041477107
0.03969958424568176,0.0059330882504582405,0.0548311248421669,168,0.0033997176
0.033293746411800385,0.008017811924219131,0.0671643614768982,332,0.0034633402
0.03133577108383179,0.006523413583636284,0.05193493142724037,176,0.0031931926
0.09095816314220428,0.021309182047843933,0.14333827793598175,563,0.004679926
0.04286063089966774,0.006940700113773346,0.06464682519435883,200,0.001430315
0.03994906321167946,0.010524499230086803,0.061209291219711304,297,0.007118185
0.031831204891204834,0.004376763012260199,0.04061663895845413,180,0.0027053887
0.028976432979106903,0.006563339848071337,0.05326325446367264,350,0.0036108422
0.029035678133368492,0.004465538542717695,0.04201110452413559,100,0.0027648094
0.03996879979968071,0.011173526756465435,0.06194281950592995,200,0.0053591747
0.04190179705619812,0.00672339741140604,0.056982606649398804,122,0.0020479274
0.03037114255130291,0.0054188077338039875,0.04910966381430626,332,0.0044433693
0.07503703236579895,0.017976723611354828,0.10440734028816223,73,0.004811882
0.0,0.0,0.0,0,0.0057259654
0.03390221297740936,0.0066879806108772755,0.05191352590918541,231,0.0027775825
0.030974455177783966,0.004141263663768768,0.04657040536403656,172,0.0021813742
0.03288450837135315,0.004721991252154112,0.04793627932667732,196,0.00492799
0.03966683894395828,0.00865092035382986,0.06694363057613373,116,0.0036716152
0.04132218286395073,0.009418699890375137,0.06868556141853333,236,0.002516733
0.05389917269349098,0.01596950553357601,0.10015463083982468,543,0.006102101
0.03830598667263985,0.018060903996229172,0.09672519564628601,200,0.005182626
0.03617262467741966,0.009038359858095646,0.06841759383678436,150,0.004159749
0.06521885097026825,0.021919678896665573,0.11324218660593033,326,0.010740658
0.039303164929151535,0.0126572847366333,0.07811688631772995,504,0.003051366
0.04041758179664612,0.00801828596740961,0.06112334877252579,244,0.0023912163
0.03637765720486641,0.008052099496126175,0.06140066310763359,402,0.0023294257
0.03939257562160492,0.009517830796539783,0.07552871108055115,396,0.0055631315
0.02587752789258957,0.005394672509282827,0.04282206669449806,208,0.0048562232
0.04607682302594185,0.021468576043844223,0.10011492669582367,611,0.006262521
0.03880300372838974,0.00974737573415041,0.07865911722183228,395,0.0038361622
0.0389205664396286,0.012420382350683212,0.07382649183273315,499,0.0034436374
0.03307025134563446,0.005674153100699186,0.04866243898868561,143,0.0034663938
0.0,0.0,0.0,0,0.0058150366
0.03236925229430199,0.008115919306874275,0.06134369596838951,484,0.0024716032
0.060764383524656296,0.01754910685122013,0.12059938162565231,430,0.005499784
0.03288021683692932,0.00729143712669611,0.06172016263008118,368,0.004852588
0.03216857463121414,0.00607219198718667,0.04962324723601341,95,0.0023910545
0.04824882000684738,0.008053334429860115,0.06798981875181198,73,0.0029143784
0.0,0.0,0.0,0,0.0034718548
0.04634799435734749,0.008768205530941486,0.07389477640390396,135,0.0035488345
0.0,0.0,0.0,0,0.004856342
0.04163651540875435,0.00982354674488306,0.06570763140916824,429,0.007996354
0.033614128828048706,0.007031352259218693,0.05995320528745651,191,0.002556026
0.037262558937072754,0.007228512782603502,0.06163541600108147,352,0.0017441673
0.0,0.0,0.0,0,0.0052824044
0.04566827043890953,0.009010261856019497,0.05946897342801094,127,0.003250851
0.037839118391275406,0.010125023312866688,0.07187037914991379,230,0.0034048941
0.033005885779857635,0.006540309172123671,0.051697954535484314,196,0.0042111236
0.02854408137500286,0.006231619045138359,0.04794160649180412,196,0.0051115258
0.04303637892007828,0.008157790638506413,0.05857650935649872,57,0.003740716
0.05121197551488876,0.005417604930698872,0.06574486941099167,75,0.0062573585
0.05284611135721207,0.018308764323592186,0.08880692720413208,333,0.005779971
0.025599820539355278,0.004376563243567944,0.039215926080942154,496,0.004274821
0.05199231952428818,0.022051045671105385,0.11363755166530609,264,0.0023661098
0.04134746640920639,0.006225973833352327,0.06494618952274323,184,0.0020685347
0.024476883932948112,0.004531741142272949,0.03725963085889816,347,0.0037755207
0.04249019920825958,0.017050914466381073,0.07680562138557434,347,0.0070578544
0.048924483358860016,0.009077003225684166,0.0703182965517044,204,0.0012808582
0.030104218050837517,0.003995352424681187,0.04300559684634209,140,0.004426868
0.04529266804456711,0.010714620351791382,0.07888486981391907,407,0.0029400475
0.049808137118816376,0.023172374814748764,0.12853756546974182,511,0.0060778167
0.03529712185263634,0.005099367816001177,0.05175425857305527,164,0.0029970184
0.05539834126830101,0.017198527231812477,0.11149360984563828,509,0.0055336095
0.051693130284547806,0.0055397991091012955,0.0651475191116333,183,0.005273085
0.036654431372880936,0.00631168344989419,0.056506406515836716,272,0.0015508382
0.03395519405603409,0.007050481624901295,0.057942695915699005,292,0.0027043556
0.03418212756514549,0.006949196569621563,0.05670218914747238,432,0.002118413
0.0,0.0,0.0,0,0.005911256
0.0522804819047451,0.02458450011909008,0.10826314985752106,313,0.006735468
0.0344117246568203,0.006073823664337397,0.05163558945059776,251,0.003708356
0.0,0.0,0.0,0,0.0051575177
0.0,0.0,0.0,0,0.004387014
0.06200322136282921,0.011228716000914574,0.08303657174110413,91,0.006849788
0.039600715041160583,0.014681880362331867,0.07213128358125687,106,0.0031633596
0.035871364176273346,0.005660358816385269,0.048540592193603516,151,0.0024358444
0.028588132932782173,0.004937334917485714,0.040979962795972824,131,0.0035464147
0.042528051882982254,0.013396237976849079,0.08355986326932907,163,0.002709565
